{"cameraMode":{"drawMode":0,"name":"Shaded","section":"Shading Mode"},"sceneLighting":true,"audioPlay":false,"sceneViewState":{"showFog":true,"showMaterialUpdate":true,"showSkybox":true,"showFlares":true,"showImageEffects":true,"showParticleSystems":true},"in2DMode":false,"pivot":{"x":0.3640947937965393,"y":-3.1841769218444826,"z":-15.904159545898438},"rotation":{"x":0.0016940922942012549,"y":-0.9926721453666687,"z":0.12001242488622666,"w":0.014005265198647976},"size":22.943445205688478,"orthographic":false}