{"cameraMode":{"drawMode":0,"name":"Shaded","section":"Shading Mode"},"sceneLighting":true,"audioPlay":false,"sceneViewState":{"showFog":true,"showMaterialUpdate":true,"showSkybox":true,"showFlares":true,"showImageEffects":true,"showParticleSystems":true},"in2DMode":false,"pivot":{"x":42.358489990234378,"y":78.66333770751953,"z":-64.5267333984375},"rotation":{"x":0.00007376193389063701,"y":-0.9999271035194397,"z":-0.008685028180480004,"w":-0.008391975425183773},"size":739.2333984375,"orthographic":false}